----------------------------------------------  DATA INIT  -------------------------------------------------------------

INSERT INTO timetable.users (id, username, email, role_id, updated_at, updated_by)
VALUES (1000001, 'grits.0123@gmail.com', 'grits.0123@gmail.com', 1, '2021-11-30 15:24:04.249881', 'postgres'),
       (1000002, 'qwerty@gmail.com', 'qwerty@gmail.com', 2, '2021-11-30 15:24:04.249881', 'postgres'),
       (1000003, 'sasasa@gmail.com', 'sasasa@gmail.com', 1, '2021-11-30 15:24:04.249881', 'postgres'),
       (1000004, 'mail@gmail.com', 'mail@gmail.com', 2, '2021-11-30 15:24:04.249881', 'postgres');

INSERT INTO timetable.faculties (id, name, short_name, updated_at, updated_by)
VALUES (1, 'Факультет электронно-информационных систем', 'ФЭИС', '2021-12-04 11:22:24.957525', 'postgres'),
       (2, 'Факультет инженерных систем и экологии', 'ФИСиЭ', '2021-12-04 11:22:24.957525', 'postgres'),
       (3, 'Экономический факультет', 'ЭФ', '2021-12-04 11:22:24.957525', 'postgres'),
       (4, 'Машиностроительный факультет', 'МФ', '2021-12-04 11:22:24.957525', 'postgres');

INSERT INTO timetable.specialities (id, name, short_name, faculty_id, updated_at, updated_by)
VALUES (1, 'Вычислительные машины, системы и сети', 'ВИСиС', 1, '2021-12-04 11:22:24.957525', 'postgres'),
       (2, 'Автоматизированные системы обработки информации', 'АСОИ', 1, '2021-12-04 11:22:24.957525', 'postgres'),
       (3, 'Искусственный интеллект', 'ИИ', 1, '2021-12-04 11:22:24.957525', 'postgres'),
       (4, 'Промышленная электроника', 'ПЭ', 1, '2021-12-04 11:22:24.957525', 'postgres'),
       (5, 'Программируемые мобильные системы', 'МС', 1, '2021-12-04 11:22:24.957525', 'postgres'),
       (6, 'Программное обеспечение информационных технологий', 'ПО', 1, '2021-12-04 11:22:24.957525', 'postgres'),
       (7, 'Водоснабжение, водоотведение и охрана водных ресурсов', 'ВВиОВР', 2, '2021-12-04 11:22:24.957525',
        'postgres'),
       (8, 'Мелиорация и водное хозяйство', 'МиВХ', 2, '2021-12-04 11:22:24.957525', 'postgres'),
       (9, 'Теплогазоснабжение, вентиляция и охрана воздушного бассейна', 'ТВиОВБ', 2, '2021-12-04 11:22:24.957525',
        'postgres'),
       (10, 'Природоохранная деятельность', 'ПД', 2, '2021-12-04 11:22:24.957525', 'postgres'),
       (11, 'Мелиорация, рекультивация и охрана земель', 'МРиОЗ', 2, '2021-12-04 11:22:24.957525', 'postgres'),
       (12, 'Экология', 'Э', 2, '2021-12-04 11:22:24.957525', 'postgres'),
       (13, 'Маркетинг', 'М', 3, '2021-12-04 11:22:24.957525', 'postgres'),
       (14, 'Бухгалтерский учет, анализ и аудит', 'БУАиА', 3, '2021-12-04 11:22:24.957525', 'postgres'),
       (15, 'Финансы и кредит', 'ФиК', 3, '2021-12-04 11:22:24.957525', 'postgres'),
       (16, 'Экономика и управление на предприятии', 'ЭиУНП', 3, '2021-12-04 11:22:24.957525', 'postgres'),
       (17, 'Логистика', 'Л', 3, '2021-12-04 11:22:24.957525', 'postgres'),
       (18, 'Электронный маркетинг', 'ЭМ', 3, '2021-12-04 11:22:24.957525', 'postgres'),
       (19, 'Экономика электронного бизнеса', 'ЭЭБ', 3, '2021-12-04 11:22:24.957525', 'postgres'),
       (20, 'Технология машиностроения', 'ТМ', 4, '2021-12-04 11:22:24.957525', 'postgres'),
       (21, 'Технологическое оборудование машиностроительного производства', 'ТОМП', 4, '2021-12-04 11:22:24.957525',
        'postgres'),
       (22, 'Автоматизация технологических процессов и производств', 'АТПИП', 4, '2021-12-04 11:22:24.957525',
        'postgres'),
       (23, 'Автосервис', 'А', 4, '2021-12-04 11:22:24.957525', 'postgres'),
       (24, 'Машины и аппараты пищевых производств', 'МиАПП', 4, '2021-12-04 11:22:24.957525', 'postgres');

INSERT INTO timetable.groups (id, name, speciality_id, updated_at, updated_by)
VALUES (1, 'ВИСиС', 1, '2021-12-04 11:22:24.957525', 'postgres'),
       (2, 'АСОИ', 2, '2021-12-04 11:22:24.957525', 'postgres'),
       (3, 'ИИ', 3, '2021-12-04 11:22:24.957525', 'postgres'),
       (4, 'ПЭ', 4, '2021-12-04 11:22:24.957525', 'postgres'),
       (5, 'МС', 5, '2021-12-04 11:22:24.957525', 'postgres'),
       (6, 'ПО', 6, '2021-12-04 11:22:24.957525', 'postgres'),
       (7, 'ВВиОВР', 7, '2021-12-04 11:22:24.957525', 'postgres'),
       (8, 'МиВХ', 8, '2021-12-04 11:22:24.957525', 'postgres'),
       (9, 'ТВиОВБ', 9, '2021-12-04 11:22:24.957525', 'postgres'),
       (10, 'ПД', 10, '2021-12-04 11:22:24.957525', 'postgres'),
       (11, 'МРиОЗ', 11, '2021-12-04 11:22:24.957525', 'postgres'),
       (12, 'Э', 12, '2021-12-04 11:22:24.957525', 'postgres'),
       (13, 'М', 13, '2021-12-04 11:22:24.957525', 'postgres'),
       (14, 'БУАиА', 14, '2021-12-04 11:22:24.957525', 'postgres'),
       (15, 'ФиК', 15, '2021-12-04 11:22:24.957525', 'postgres'),
       (16, 'ЭиУНП', 16, '2021-12-04 11:22:24.957525', 'postgres'),
       (17, 'Л', 17, '2021-12-04 11:22:24.957525', 'postgres'),
       (18, 'ЭМ', 18, '2021-12-04 11:22:24.957525', 'postgres'),
       (19, 'ЭЭБ', 19, '2021-12-04 11:22:24.957525', 'postgres'),
       (20, 'ТМ', 20, '2021-12-04 11:22:24.957525', 'postgres'),
       (21, 'ТОМП', 21, '2021-12-04 11:22:24.957525', 'postgres'),
       (22, 'АТПИП', 22, '2021-12-04 11:22:24.957525', 'postgres'),
       (23, 'А', 23, '2021-12-04 11:22:24.957525', 'postgres'),
       (24, 'МиАПП', 24, '2021-12-04 11:22:24.957525', 'postgres');

INSERT INTO timetable.persons (id, name, surname, lastname, fullname, admission_date, user_id, group_id, updated_at,
                               updated_by)
VALUES (1, 'Виталий', 'Грицук', 'Вячеславович', null, '2021-12-04 14:49:48.000000', 1000001, 1,
        '2021-12-04 11:22:24.957525', 'postgres'),
       (2, 'Юрий', 'Махнолов', 'Георгиевич', null, '2021-12-04 14:49:48.000000', 1000002, 1,
        '2021-12-04 11:22:24.957525', 'postgres'),
       (3, 'Атрохов', 'Дмитрий', 'Сергеевич', null, '2021-12-04 14:49:48.000000', 1000003, 1,
        '2021-12-04 11:22:24.957525', 'postgres'),
       (4, 'Аршинов', 'Никита', 'Андреевич', null, '2021-12-04 14:49:48.000000', 1000004, 1,
        '2021-12-04 11:22:24.957525', 'postgres');

INSERT INTO timetable.lessons (id, name, short_name, date, start_date_time, end_date_time, lesson_type_id, updated_at,
                               updated_by)
VALUES (1, 'Тестовое занятие 1', 'ТЗ', '2021-12-04', '2021-12-04 14:56:28.000000', '2021-12-04 14:57:30.000000', 1,
        '2021-12-04 14:56:28.000000', 'postgres'),
       (2, 'Тестовое занятие 1', 'ТЗ', '2021-12-04', '2021-12-04 14:57:28.000000', '2021-12-04 14:58:30.000000', 2,
        '2021-12-04 14:57:28.000000', 'postgres'),
       (3, 'Тестовое занятие 1', 'ТЗ', '2021-12-04', '2021-12-04 14:58:28.000000', '2021-12-04 14:59:30.000000', 3,
        '2021-12-04 14:58:28.000000', 'postgres'),
       (4, 'Тестовое занятие 1', 'ТЗ', '2021-12-04', '2021-12-04 14:59:28.000000', '2021-12-04 15:00:30.000000', 4,
        '2021-12-04 14:59:28.000000', 'postgres'),
       (5, 'Тестовое занятие 1', 'ТЗ', '2021-12-04', '2021-12-04 15:00:28.000000', '2021-12-04 15:01:30.000000', 5,
        '2021-12-04 15:00:28.000000', 'postgres'),
       (6, 'Тестовое занятие 1', 'ТЗ', '2021-12-04', '2021-12-04 15:01:28.000000', '2021-12-04 15:02:30.000000', 1,
        '2021-12-04 15:01:28.000000', 'postgres'),
       (7, 'Тестовое занятие 1', 'ТЗ', '2021-12-04', '2021-12-04 15:02:28.000000', '2021-12-04 15:03:30.000000', 2,
        '2021-12-04 15:02:28.000000', 'postgres'),
       (8, 'Тестовое занятие 1', 'ТЗ', '2021-12-04', '2021-12-04 15:03:28.000000', '2021-12-04 15:04:30.000000', 3,
        '2021-12-04 15:03:28.000000', 'postgres'),
       (9, 'Тестовое занятие 1', 'ТЗ', '2021-12-04', '2021-12-04 15:04:28.000000', '2021-12-04 15:05:30.000000', 4,
        '2021-12-04 15:04:28.000000', 'postgres'),
       (10, 'Тестовое занятие 1', 'ТЗ', '2021-12-04', '2021-12-04 15:05:28.000000', '2021-12-04 15:06:30.000000', 1,
        '2021-12-04 11:56:41.536924', 'postgres'),
       (11, 'Тестовое занятие 1', 'ТЗ', '2021-12-04', '2021-12-04 15:06:28.000000', '2021-12-04 15:07:30.000000', 2,
        '2021-12-04 11:56:41.536924', 'postgres'),
       (12, 'Тестовое занятие 1', 'ТЗ', '2021-12-04', '2021-12-04 15:07:28.000000', '2021-12-04 15:08:30.000000', 3,
        '2021-12-04 11:56:41.536924', 'postgres'),
       (13, 'Тестовое занятие 1', 'ТЗ', '2021-12-04', '2021-12-04 15:08:28.000000', '2021-12-04 15:09:30.000000', 4,
        '2021-12-04 11:56:41.536924', 'postgres');

INSERT INTO timetable.time_table_rows (id, group_id, updated_at, updated_by)
VALUES (1, 1, '2021-12-04 11:22:24.957525', 'postgres'),
       (2, 2, '2021-12-04 11:22:24.957525', 'postgres'),
       (3, 3, '2021-12-04 11:22:24.957525', 'postgres'),
       (4, 4, '2021-12-04 11:22:24.957525', 'postgres'),
       (5, 5, '2021-12-04 11:22:24.957525', 'postgres'),
       (6, 6, '2021-12-04 11:22:24.957525', 'postgres'),
       (7, 7, '2021-12-04 11:22:24.957525', 'postgres'),
       (8, 8, '2021-12-04 11:22:24.957525', 'postgres'),
       (9, 9, '2021-12-04 11:22:24.957525', 'postgres'),
       (10, 10, '2021-12-04 11:22:24.957525', 'postgres'),
       (11, 11, '2021-12-04 11:22:24.957525', 'postgres'),
       (12, 12, '2021-12-04 11:22:24.957525', 'postgres'),
       (13, 13, '2021-12-04 11:22:24.957525', 'postgres'),
       (14, 14, '2021-12-04 11:22:24.957525', 'postgres'),
       (15, 15, '2021-12-04 11:22:24.957525', 'postgres'),
       (16, 16, '2021-12-04 11:22:24.957525', 'postgres'),
       (17, 17, '2021-12-04 11:22:24.957525', 'postgres'),
       (18, 18, '2021-12-04 11:22:24.957525', 'postgres'),
       (19, 19, '2021-12-04 11:22:24.957525', 'postgres'),
       (20, 20, '2021-12-04 11:22:24.957525', 'postgres'),
       (21, 21, '2021-12-04 11:22:24.957525', 'postgres'),
       (22, 22, '2021-12-04 11:22:24.957525', 'postgres'),
       (23, 23, '2021-12-04 11:22:24.957525', 'postgres'),
       (24, 24, '2021-12-04 11:22:24.957525', 'postgres');

INSERT INTO timetable.persons_university_roles_relation (person_id, university_role_id)
VALUES (1, 4),
       (2, 1),
       (3, 1),
       (4, 1);

INSERT INTO timetable.time_table_rows_lessons_relation (time_table_row_id, lesson_id)
VALUES (1, 1),
       (1, 2),
       (1, 3),
       (1, 4),
       (1, 5),
       (1, 6),
       (2, 7),
       (2, 8),
       (2, 9),
       (2, 10),
       (2, 11),
       (2, 12),
       (2, 13);

------------------------------------------------------------------------------------------------------------------------